#cell	width	height	fixture	full_med_ns	strip_med_ns	full_p25_ns	full_p75_ns	strip_p25_ns	strip_p75_ns	ratio_med	score_full	score_strip
256_smooth	256	256	smooth	2274250	2318074	2206152	2448812	2267557	2432561	1.0193	0.274089	0.274089
256_noisy	256	256	noisy	2271865	2281074	2210149	2356396	2237643	2363971	1.0041	0.112505	0.112505
512_smooth	512	512	smooth	9718579	10649599	9307830	10083107	10272725	10819471	1.0958	0.591574	0.591574
512_noisy	512	512	noisy	9863132	10332439	9681547	10044674	10157228	10506138	1.0476	0.154824	0.154824
1024_smooth	1024	1024	smooth	38217621	40774746	37808286	38805583	39631094	41020381	1.0669	0.687043	0.687043
1024_noisy	1024	1024	noisy	38353422	40399426	37970002	39089203	39493453	40879383	1.0533	0.164403	0.164403
2048_smooth	2048	2048	smooth	181317364	184392008	173823905	183615510	180237332	187409094	1.0170	0.805199	0.805199
2048_noisy	2048	2048	noisy	172264006	178928548	168312334	173660467	171101137	189724304	1.0387	0.163968	0.163968
